{
    "loss": 4.96676778793335,
    "accuracy": 0.7058823704719543
}